# , offset     ,: blocks      
# ,           0 ,           0
# ,           1 ,          20
# ,           2 ,          20
# ,           3 ,          21
# ,           4 ,          20
# ,           5 ,          20
# ,           6 ,          21
# ,           7 ,          20
# ,           8 ,          20
# ,           9 ,          20
# ,          10 ,          20
# ,          11 ,          20
# ,          12 ,          20
# ,          13 ,          20
# ,          14 ,          20
# ,          15 ,          20
# ,          16 ,          20
# ,          17 ,          21
# ,          18 ,          20
# ,          19 ,          20
# ,          20 ,          20
# ,          21 ,          21
# ,          22 ,          20
# ,          23 ,          20
# ,          24 ,          21
# ,          25 ,          20
# ,          26 ,          21
# ,          27 ,          20
# ,          28 ,          20
# ,          29 ,          20
# ,          30 ,          20
# ,          31 ,          20
# ,          32 ,          21
# ,          33 ,          20
# ,          34 ,          22
# ,          35 ,          20
# ,          36 ,          20
# ,          37 ,          21
# ,          38 ,          20
# ,          39 ,          20
# ,          40 ,          20
# ,          41 ,          20
# ,          42 ,          21
# ,          43 ,          20
# ,          44 ,          20
# ,          45 ,          20
# ,          46 ,          20
# ,          47 ,          20
# ,          48 ,          21
# ,          49 ,          21
# ,          50 ,          21
# ,          51 ,          20
# ,          52 ,          21
# ,          53 ,          20
# ,          54 ,          20
# ,          55 ,          20
# ,          56 ,          20
# ,          57 ,          20
# ,          58 ,          20
# ,          59 ,          20
# ,          60 ,          20
# ,          61 ,          20
# ,          62 ,          21
# ,          63 ,          20
# ,          64 ,          21
# ,          65 ,          19